name, contact, client_id
John Doe, john.doe@example.com, C001
Mary Smith, mary.smith@gmail.com, C002
Robert Johnson, robert.johnson@hotmail.com, C003
Emily Davis, emily.davis@yahoo.com, C003
Michael Brown, michael.brown@gmail.com, C004
Jessica Miller, jessica.miller@gmail.com, C005
Brian Taylor, brian.taylor@yahoo.com, C006
Olivia Anderson, olivia.anderson@example.com, C007
Ethan Wilson, ethan.wilson@gmail.com, C008
Sophia White, sophia.white@hotmail.com, C009
Alexander Davis, alexander.davis@example.com, C010
Chloe Harris, chloe.harris@gmail.com, C011
Noah Turner, noah.turner@yahoo.com, C012
Emma Baker, emma.baker@hotmail.com, C013
Liam Carter, liam.carter@gmail.com, C014
